﻿<parameters>
  <parameter name="IIS Web Application Name" defaultValue="Tailspin" tags="IisApp">
    <parameterEntry kind="ProviderPath" scope="IisApp" match="^C:\\Builds\\1\\Tailspin\ Toys\\Tailspin\ Toys\ -\ Iteration\ 2\\Sources\\Development\\Iteration\ 2\\Tailspin\.Web\\obj\\Debug\\Package\\PackageTmp$" />
    <parameterEntry kind="ProviderPath" scope="setAcl" match="^C:\\Builds\\1\\Tailspin\ Toys\\Tailspin\ Toys\ -\ Iteration\ 2\\Sources\\Development\\Iteration\ 2\\Tailspin\.Web\\obj\\Debug\\Package\\PackageTmp$" />
  </parameter>
  <parameter name="ApplicationServices-Web.config Connection String" description="ApplicationServices Connection String used in web.config by the application to access the database." defaultValue="Data Source=localhost;Initial Catalog=aspnetdb;Integrated Security=True" tags="SqlConnectionString">
    <parameterEntry kind="XmlFile" scope="obj\\Debug\\Package\\PackageTmp\\Web\.config$" match="/configuration/connectionStrings/add[@name='ApplicationServices']/@connectionString" />
  </parameter>
  <parameter name="TailspinConnectionString-Web.config Connection String" description="TailspinConnectionString Connection String used in web.config by the application to access the database." defaultValue="Data Source=localhost;Initial Catalog=TailspinToys;Integrated Security=True" tags="SqlConnectionString">
    <parameterEntry kind="XmlFile" scope="obj\\Debug\\Package\\PackageTmp\\Web\.config$" match="/configuration/connectionStrings/add[@name='TailspinConnectionString']/@connectionString" />
  </parameter>
  <parameter name="ObjectStore-Web.config Connection String" description="ObjectStore Connection String used in web.config by the application to access the database." defaultValue="Data Source=localhost;Initial Catalog=TailspinToys;Integrated Security=True" tags="SqlConnectionString">
    <parameterEntry kind="XmlFile" scope="obj\\Debug\\Package\\PackageTmp\\Web\.config$" match="/configuration/connectionStrings/add[@name='ObjectStore']/@connectionString" />
  </parameter>
</parameters>